comparison,peptide,solvent,delta_sasa,delta_pct,es_iid_original,es_block_corrected,es_reduction_factor,cis_still_nonoverlapping,water_block_ci,des_block_ci
GGE reline vs water,GGE,reline,0.46975803,104.28292751312256,37.29628635355491,2.58515607087189,14.42709272905758,True,"[0.3093, 0.6291]","[0.7297, 1.1368]"
GGE glyceline vs water,GGE,glyceline,0.44399166,98.56297373771667,31.460153808376443,1.1823025586458136,26.60922416036238,False,"[0.3093, 0.6291]","[0.4208, 1.6031]"
CME reline vs water,CME,reline,0.8122939,187.09702491760254,51.94511079941986,2.8723508731159186,18.084528351186407,True,"[0.2722, 0.6541]","[0.9422, 1.6915]"
CME glyceline vs water,CME,glyceline,1.0577784,243.639874458313,57.56397519041083,1.9947668617327685,28.85749522648851,True,"[0.2722, 0.6541]","[0.7510, 2.4903]"
YIY reline vs water,YIY,reline,0.7107776,119.7685718536377,38.46297598531255,2.0837946193677066,18.458141521156012,True,"[0.3708, 0.8035]","[0.8865, 1.8182]"
YIY glyceline vs water,YIY,glyceline,1.3698115,230.81815242767334,61.76535824727386,2.163633472592578,28.547052460444423,True,"[0.3708, 0.8035]","[1.0312, 3.1310]"
